{"cameraMode":{"drawMode":0,"name":"Shaded","section":"Shading Mode"},"sceneLighting":true,"audioPlay":false,"sceneViewState":{"m_AlwaysRefresh":false,"showFog":true,"showSkybox":true,"showFlares":true,"showImageEffects":true,"showParticleSystems":true,"showVisualEffectGraphs":true,"m_FxEnabled":true},"in2DMode":false,"pivot":{"x":0.6443990468978882,"y":0.5776750445365906,"z":0.18989959359169007},"rotation":{"x":-0.0015705113764852286,"y":-0.9943341612815857,"z":0.10539372265338898,"w":-0.014917909167706967},"size":1.589231014251709,"orthographic":false}