{"cameraMode":{"drawMode":0,"name":"Shaded","section":"Shading Mode"},"sceneLighting":true,"audioPlay":false,"sceneViewState":{"m_AlwaysRefresh":false,"showFog":true,"showSkybox":true,"showFlares":true,"showImageEffects":true,"showParticleSystems":true,"showVisualEffectGraphs":true,"m_FxEnabled":true},"in2DMode":false,"pivot":{"x":-1.738922119140625,"y":1.5344182252883912,"z":-0.03175896406173706},"rotation":{"x":-0.040918052196502689,"y":-0.9068662524223328,"z":0.09062787890434265,"w":-0.40956050157546999},"size":1.6506779193878174,"orthographic":false}